# Name,   Type, SubType,  Offset,   Size,     Flags
# ตารางพาร์ทิชันสำหรับเฟิร์มแวร์รวมสุดท้าย (phase10-final-merged)
# บอร์ดมี flash 16MB จริง แต่ huge_app.csv เดิม (ที่ใช้มาตลอดโปรเจกต์) จองพื้นที่
# app แค่ 3MB (คิดจากฐาน 4MB) เหลือ flash อีก 12MB ไม่ได้ใช้เลย — ไฟล์นี้ขยาย app0
# เป็น 7MB แทน (เกินพอสำหรับกล้อง+จดจำใบหน้า+โมเดล TensorFlow Lite+เว็บ+เซนเซอร์
# ทุกห้องรวมกัน — build จริงใช้แค่ ~3.75MB) ไม่มี OTA เพราะนี่คือเฟิร์มแวร์สุดท้าย
#
# แก้ไข (พบจากทดสอบจริง 2026-08-01): เดิมคิดว่าไม่มีเฟสไหนใช้ระบบไฟล์เลย แต่ที่จริง
# ไลบรารี EloquentEsp32cam (จดจำใบหน้า) เก็บข้อมูลใบหน้าที่ enroll ไว้ผ่าน **SPIFFS**
# ไม่ใช่ NVS อย่างที่เข้าใจผิดตอนแรก — ตัดพาร์ทิชัน spiffs ออกไปทำให้จดจำใบหน้าใช้
# งานไม่ได้เลย (เปิดไฟล์เก็บข้อมูลใบหน้าไม่ได้ทุกครั้ง) จึงใส่กลับมา ให้พื้นที่ 1MB
# (มากกว่า 896KB เดิมของ huge_app.csv เล็กน้อย เผื่อ enroll หลายคน)
nvs,      data, nvs,      0x9000,   0x6000,
app0,     app,  factory,  0x10000,  0x700000,
spiffs,   data, spiffs,   0x710000, 0x100000,
coredump, data, coredump, 0x810000, 0x10000,
